INSERT INTO `me_application` (`id`, `company_id`, `creator`, `appcreator`, `name`, `appkey`, `appskey`, `callbackurl`, `level`, `created_at`, `platform`, `is_delete`) VALUES
(1,	1,	'me',	'云点矩阵',	'云点矩阵易沟通',	'1355476152',	'aaccaf80e40e516011385ff14283e9b8',	'http://mei.masengine.com/php/index.php/sinaCB/auth',	0,	'0000-00-00 00:00:00',	1,	0);

INSERT INTO `me_menu` (`id`, `name`, `pid`, `icon`, `url`, `order`, `help`) VALUES
	('1','控制面板','0','fa-tachometer','dashboard','1',''),
	('2','微博','0','fa-weibo','','2',''),
	('3','微信','0','fa-wechat','','3',''),
	('4','高级功能','0','fa-puzzle-piece','','4',''),
	('5','素材及业务设置','0','fa-cog','','5',''),
	('6','账号设置','0','fa-user','','6',''),
	('7','微博发布','2','','weibo-send','1',''),
	('8','沟通管理','2','','','2',''),
	('9','粉丝管理','2','','','3',''),
	('10','活动管理','2','','','4',''),
	('11','私信回复规则','2','','','5',''),
	('12','信息监控','2','','','6',''),
	('13','统计分析','2','','','7',''),
	('14','人工客服','3','','','1',''),
	('15','自动回复规则','3','','','2',''),
	('16','粉丝管理','3','','','3',''),
	('17','信息推送','3','','','4',''),
	('18','信息监控','3','','','5',''),
	('19','统计分析','3','','','6',''),
	('20','控制面板','4','','adv-dashboard','1',''),
	('21','用户洞察','4','','','2',''),
	('22','高级营销','4','','','3',''),
	('23','活动页面','5','','','1',''),
	('24','标签','5','','tag','2',''),
	('25','信息分类','5','','category','3',''),
	('26','素材库','5','','media/news','4',''),
	('27','智库','5','','quick-reply','5',''),
	('28','二维码','5','','twodcode','6',''),
	('29','地理位置','5','','shop_place','7',''),
	('30','自动忽略与置顶','5','','auto-top','8',''),
	('31','微博账号','6','','wb-account','1',''),
	('32','微博应用','6','','application','2',''),
	('33','微信账号','6','','wx-account','3',''),
	('34','系统账号','6','','','4',''),
	('35','个人设置','6','','profile','5',''),
	('36','待分类','8','','untouched/mentions','1',''),
	('37','待处理','8','','categorized/mentions','2',''),
	('38','已忽略','8','','ignored/mentions','3',''),
	('39','已处理','8','','replied/mentions','4',''),
	('40','挂起中','8','','suspending/mentions','5',''),
	('41','粉丝管理','9','','weibo-user/0','1',''),
	('42','粉丝组管理','9','','weibo-user-group/meo','2',''),
	('43','活动创建','10','','wb-event-create/0','1',''),
	('44','活动列表','10','','wb-event-manage','2',''),
	('45','关键词回复规则','11','','msg-rule','1',''),
	('46','其他回复规则','11','','msg-other-rule','2',''),
	('47','舆情关键词监控','12','','wb-keyword','1',''),
	('48','舆情分类监控','12','','monitor-wb-category','2',''),
	('49','私信关键词监控','12','','','3',''),
	('50','指定微博监控','12','','','4',''),
	('51','指定账号监控','12','','','5',''),
	('52','粉丝信息分析','13','','user-stats/meo','1',''),
	('53','微博内容分析','13','','interact-stats/meo','2',''),
	('54','关键词分析','13','','keyword-stats','3',''),
	('55','私信规则分析','13','','rule-stats/meo','4',''),
	('56','工作量统计','13','','workload-stats/meo','5',''),
	('57','标签分析','13','','tag-stats/meo','6',''),
	('58','待分类','14','','wx-untouched','1',''),
	('59','待处理','14','','wx-categorized','2',''),
	('60','已忽略','14','','wx-ignored','3',''),
	('61','已处理','14','','wx-replied','4',''),
	('62','挂起中','14','','wx-suspending','5',''),
	('63','关键词回复规则','15','','wx-rule','1',''),
	('64','自定义菜单','15','','wx-custom-menu','2',''),
	('65','其他回复规则','15','','wx-other-rule','3',''),
	('66','粉丝管理','16','','wx-user/0/0','1',''),
	('67','粉丝组管理','16','','wx-group','2',''),
	('68','群发消息','17','','wx-sendAll/0/','1',''),
	('69','群发统计','17','','wx-list-sendall','2',''),
	('70','信息分类监控','18','','monitor-wx-category','1',''),
	('71','规则关键词监控','18','','','2',''),
	('72','粉丝信息分析','19','','user-stats/mex','1',''),
	('73','消息内容分析','19','','interact-stats/mex','2',''),
	('74','自行回复分析','19','','rule-stats/mex','3',''),
	('75','工作量统计','19','','workload-stats/mex','4',''),
	('76','标签分析','19','','tag-stats/mex','5',''),
	('77','用户管理','21','','adv-user','1',''),
	('78','用户组管理','21','','adv-group','2',''),
	('79','活动创建','22','','adv-event-create','1',''),
	('80','活动管理','22','','adv-event-manage','2',''),
	('81','活动页面创建','23','','h5page-create/0','1',''),
	('82','活动页面管理','23','','h5page-list/0','2',''),
	('83','员工管理','34','','staff','1',''),
	('84','职位管理','34','','position','2','');

INSERT INTO `me_rl_company_menu` (`company_id`, `menu_id`) VALUES
	(1, 1), 
	(1, 2), 
	(1, 3), 
	(1, 4), 
	(1, 5), 
	(1, 6), 
	(1, 7), 
	(1, 8), 
	(1, 9), 
	(1, 10), 
	(1, 11), 
	(1, 12), 
	(1, 13), 
	(1, 14), 
	(1, 15), 
	(1, 16), 
	(1, 17), 
	(1, 18), 
	(1, 19), 
	(1, 20), 
	(1, 21), 
	(1, 22), 
	(1, 23), 
	(1, 24), 
	(1, 25), 
	(1, 26), 
	(1, 27), 
	(1, 28), 
	(1, 29), 
	(1, 30), 
	(1, 31), 
	(1, 32), 
	(1, 33), 
	(1, 34), 
	(1, 35), 
	(1, 36), 
	(1, 37), 
	(1, 38), 
	(1, 39), 
	(1, 40), 
	(1, 41), 
	(1, 42), 
	(1, 43), 
	(1, 44), 
	(1, 45), 
	(1, 46), 
	(1, 47), 
	(1, 48), 
	(1, 49), 
	(1, 50), 
	(1, 51), 
	(1, 52), 
	(1, 53), 
	(1, 54), 
	(1, 55), 
	(1, 56), 
	(1, 57), 
	(1, 58), 
	(1, 59), 
	(1, 60), 
	(1, 61), 
	(1, 62), 
	(1, 63), 
	(1, 64), 
	(1, 65), 
	(1, 66), 
	(1, 67), 
	(1, 68), 
	(1, 69), 
	(1, 70), 
	(1, 71), 
	(1, 72), 
	(1, 73), 
	(1, 74), 
	(1, 75), 
	(1, 76), 
	(1, 77), 
	(1, 78), 
	(1, 79), 
	(1, 80), 
	(1, 81), 
	(1, 82), 
	(1, 83), 
	(1, 84); 

INSERT INTO `me_rl_position_menu` (`position_id`, `menu_id`) VALUES
	(1, 1), 
	(1, 2), 
	(1, 3), 
	(1, 4), 
	(1, 5), 
	(1, 6), 
	(1, 7), 
	(1, 8), 
	(1, 9), 
	(1, 10), 
	(1, 11), 
	(1, 12), 
	(1, 13), 
	(1, 14), 
	(1, 15), 
	(1, 16), 
	(1, 17), 
	(1, 18), 
	(1, 19), 
	(1, 20), 
	(1, 21), 
	(1, 22), 
	(1, 23), 
	(1, 24), 
	(1, 25), 
	(1, 26), 
	(1, 27), 
	(1, 28), 
	(1, 29), 
	(1, 30), 
	(1, 31), 
	(1, 32), 
	(1, 33), 
	(1, 34), 
	(1, 35), 
	(1, 36), 
	(1, 37), 
	(1, 38), 
	(1, 39), 
	(1, 40), 
	(1, 41), 
	(1, 42), 
	(1, 43), 
	(1, 44), 
	(1, 45), 
	(1, 46), 
	(1, 47), 
	(1, 48), 
	(1, 49), 
	(1, 50), 
	(1, 51), 
	(1, 52), 
	(1, 53), 
	(1, 54), 
	(1, 55), 
	(1, 56), 
	(1, 57), 
	(1, 58), 
	(1, 59), 
	(1, 60), 
	(1, 61), 
	(1, 62), 
	(1, 63), 
	(1, 64), 
	(1, 65), 
	(1, 66), 
	(1, 67), 
	(1, 68), 
	(1, 69), 
	(1, 70), 
	(1, 71), 
	(1, 72), 
	(1, 73), 
	(1, 74), 
	(1, 75), 
	(1, 76), 
	(1, 77), 
	(1, 78), 
	(1, 79), 
	(1, 80), 
	(1, 81), 
	(1, 82), 
	(1, 83), 
	(1, 84); 

INSERT INTO `me_company` (`id`, `name`, `created_at`, `secret_token`, `show_intro`, `is_available`, `is_deleted`, `modal_order`, `allow_wb_account_num`, `allow_wx_account_num`, `allow_users_num`, `allow_wb_keywords_set_num`) VALUES
(1,	'COMPANY_NAME',	'COMPANY_CREATE_TIME',	'',	1,	1,	0,	'1,2,3,4,5,6,7',	20,	20,	100000,	10);

INSERT INTO `me_position` (`id`, `company_id`, `name`, `created_at`, `created_staff`, `is_deleted`) VALUES
(1,	1,	'管理',	'COMPANY_CREATE_TIME',	1,	0);

INSERT INTO `me_staff` (`id`, `company_id`, `name`, `login_name`, `password`, `position_id`, `tel`, `email`, `expired_in`, `created_at`, `is_available`, `is_deleted`, `last_login_time`, `last_login_ip`, `login_count`) VALUES
(1,	1,	'AD_NAME',	'AD_LOGIN_NAME',	'AD_PWD',	1,	'',	'',	NULL,	'AD_CREATE_TIME',	1,	0,	'COMPANY_CREATE_TIME',	'',	0);
